name,element,position,sprite,gender,value
Mark,Earth,GK,./imgs/mark.png,M,70
Liu Bei,Earth,GK,./imgs/liu bei.png,M,45
Helio,Earth,GK,./imgs/helio.png,M,32
Ra,Fire,GK,./imgs/ra.png,M,50
Autumn,Wind,GK,./imgs/autumn.png,M,22
Fine,Wood,GK,./imgs/fine.png,M,15
King,Fire,GK,./imgs/king.png,M,38
Poseidon,Earth,GK,./imgs/poseidon.png,M,52
Quentin,Fire,GK,./imgs/quentin.png,M,10
Feldt,Wood,GK,./imgs/feldt.png,M,8
JP,Earth,GK,./imgs/jp.png,M,4
Darren,Wood,GK,./imgs/darren.png,M,28
Goldie,Fire,DF,./imgs/goldie.png,F,20
Gabi,Wood,DF,./imgs/gabi.png,M,18
Aitor,Wood,DF,./imgs/aitor.png,M,11
Jack,Earth,DF,./imgs/jack.png,M,14
Nathan,Wind,DF,./imgs/nathan.png,M,36
Rome,Wind,DF,./imgs/rome.png,M,10
Oscar,Earth,DF,./imgs/oscar.png,M,12
Wan-Chang,Earth,DF,./imgs/wan-chang.png,M,7
Hurley,Wind,DF,./imgs/hurley.png,M,42
Thiago,Fire,DF,./imgs/thiago.png,M,20
Yale,Wind,DF,./imgs/yale.png,M,10
Joan,Fire,DF,./imgs/joan.png,F,17
Scotty,Wood,DF,./imgs/scotty.png,M,16
Sor,Wind,DF,./imgs/sor.png,M,14
Dionysus,Wind,DF,./imgs/dionysus.png,M,28
Hephestus,Fire,DF,./imgs/hephestus.png,M,22
Clear,Wind,DF,./imgs/clear.png,F,15
Obscura,Wood,DF,./imgs/obscura.png,M,18
Loo,Wind,DF,./imgs/loo.png,M,8
Malcolm,Fire,DF,./imgs/malcolm.png,M,9
Gocker,Earth,DF,./imgs/gocker.png,M,6
Bobby,Wood,DF,./imgs/bobby.png,M,12
Archer,Wind,DF,./imgs/archer.png,M,13
Ares,Earth,DF,./imgs/ares.png,M,34
Kalil,Wood,DF,./imgs/kalil.png,M,10
Whittaker,Earth,DF,./imgs/whittaker.png,M,7
Zohen,Earth,DF,./imgs/zohen.png,M,9
Papa,Fire,DF,./imgs/papa.png,M,13
Eidah,Earth,DF,./imgs/eidah.png,M,7
Hamstah,Wood,DF,./imgs/hamstah.png,M,6
Ekadel,Wind,DF,./imgs/ekadel.png,M,10
Bael,Earth,DF,./imgs/bael.png,M,18
Quintet,Wind,DF,./imgs/quintet.png,M,24
Cao Cao,Earth,DF,./imgs/cao cao.png,M,40
Tulip,Earth,DF,./imgs/tulip.png,F,18
Lephiel,Earth,DF,./imgs/lephiel.png,M,11
Mountain,Earth,DF,./imgs/mountain.png,M,13
Kazach,Earth,DF,./imgs/kazach.png,M,7
Argyr,Fire,DF,./imgs/argyr.png,M,16
Gumille,Fire,DF,./imgs/gumille.png,F,15
Mouton,Wind,DF,./imgs/mouton.png,F,14
Jude,Wind,MF,./imgs/jude.png,M,80
Arion,Wind,MF,./imgs/arion.png,M,65
Aphrodite,Wood,MF,./imgs/aphrodite.png,M,58
Cronus,Fire,MF,./imgs/cronus.png,M,45
Soundtown,Wood,MF,./imgs/soundtown.png,M,18
Thor,Wind,MF,./imgs/thor.png,M,50
Sakamoto,Earth,MF,./imgs/sakamoto.png,M,26
Drakul,Earth,MF,./imgs/drakul.png,M,21
Choi,Fire,MF,./imgs/choi.png,M,10
Erik,Wood,MF,./imgs/erik.png,M,19
Jordan,Wood,MF,./imgs/jordan.png,M,35
Ricardo,None,MF,./imgs/ricardo.png,M,82
Kiwill,Wood,MF,./imgs/kiwill.png,F,16
Dooley,Earth,MF,./imgs/dooley.png,M,6
Krueger,Wood,MF,./imgs/krueger.png,M,9
Sam,Fire,MF,./imgs/sam.png,M,25
Caleb,Fire,MF,./imgs/caleb.png,M,38
Bellatrix,Wind,MF,./imgs/bellatrix.png,F,29
Yurkeh,Wood,MF,./imgs/yurkeh.png,M,15
Felis,Fire,MF,./imgs/felis.png,F,14
Mehr,Wind,MF,./imgs/mehr.png,F,13
Ghiris,Fire,MF,./imgs/ghiris.png,M,12
Hera,Fire,MF,./imgs/hera.png,M,24
Layton,Earth,MF,./imgs/layton.png,M,18
Luke,Wind,MF,./imgs/luke.png,M,15
Spring,Fire,MF,./imgs/spring.png,M,26
Neppten,Wood,MF,./imgs/neppten.png,M,42
Heat,Wood,MF,./imgs/heat.png,M,62
Icer,Wind,MF,./imgs/icer.png,F,34
Rome,Wind,MF,./imgs/ryoma.png,M,20
Maximino,Wind,MF,./imgs/maximino.png,M,15
Acuto,Fire,MF,./imgs/acuto.png,M,19
Dvalin,Fire,MF,./imgs/dvalin.png,M,30
Kormer,Fire,MF,./imgs/kormer.png,M,18
Heath,Wind,MF,./imgs/heath.png,M,27
Laurel,Earth,MF,./imgs/laurel.png,M,20
Delafünfe,Fire,MF,./imgs/delafünfe.png,M,10
Steve,Wind,MF,./imgs/steve.png,M,16
Rhine,Wind,MF,./imgs/rhine.png,F,17
Droll,Wind,MF,./imgs/droll.png,M,13
Gabrini,Wind,MF,./imgs/gabrini.png,M,11
Crowe,Wood,MF,./imgs/crowe.png,M,18
Bomber,Fire,MF,./imgs/bomber.png,M,16
Master,Wind,MF,./imgs/master.png,M,25
Sierra,Wood,MF,./imgs/sierra.png,F,20
Axel,Fire,FW,./imgs/axel.png,M,90
Torch,Fire,FW,./imgs/torch.png,M,60
Gazelle,Wind,FW,./imgs/gazelle.png,M,62
Shawn,Wind,FW,./imgs/shawn.png,M,58
Xavier,Fire,FW,./imgs/xavier.png,M,55
Bailong,Wind,FW,./imgs/bailong.png,M,48
Tezcat,Wood,FW,./imgs/tezcat.png,M,42
Vladimir,Fire,FW,./imgs/vladimir.png,M,39
Daystar,Fire,FW,./imgs/daystar.png,M,53
Nobunaga,Wood,FW,./imgs/nobunaga.png,M,45
Okita,Fire,FW,./imgs/okita.png,M,38
Vulpeen,Fire,FW,./imgs/vulpeen.png,M,30
Bianchi,Wood,FW,./imgs/bianchi.png,M,24
Austin,Wood,FW,./imgs/austin.png,M,35
Samford,Wood,FW,./imgs/samford.png,M,18
Fei,Wood,FW,./imgs/fei.png,M,78
Shadow,Wood,FW,./imgs/shadow.png,M,56
Kevin,Wood,FW,./imgs/kevin.png,M,41
Aster,Fire,FW,./imgs/aster.png,M,64
Flora,Wind,FW,./imgs/flora.png,F,32
Zanark,Earth,FW,./imgs/zanark.png,M,68
Simeon,Earth,FW,./imgs/simeon.png,M,44
Zetoh,Fire,FW,./imgs/zetoh.png,M,17
Robingo,Fire,FW,./imgs/robingo.png,M,15
Demeter,Fire,FW,./imgs/demeter.png,M,12
Gamma,Wood,FW,./imgs/gamma.png,M,40
Beta,Wind,FW,./imgs/beta.png,F,50
Skipper,Wind,FW,./imgs/skipper.png,M,10
Snio,Wind,FW,./imgs/snio.png,M,18
Malice,Earth,FW,./imgs/malice.png,M,33
Alpha,Fire,FW,./imgs/alpha.png,M,58
Winters,Wood,FW,./imgs/winters.png,M,26
Drago,Wood,FW,./imgs/drago.png,M,24
Partinus,Wood,FW,./imgs/partinus.png,M,20
Lancer,Wood,FW,./imgs/lancer.png,M,18
Summer,Earth,DF,./imgs/summer.png,M,20
Mai Assamu,Air,DF,./imgs/assamu.png,F,28
Agnethe Pressari,Wood,DF,./imgs/agnethe.png,F,18
Vic,Fire,DF,./imgs/vic.png,M,9
Lump,Fire,DF,./imgs/lump.png,M,6
Bump,Air,DF,./imgs/bump.png,M,5
Rundeep,Earth,DF,./imgs/rundeep.png,M,7
Zhuge Liang,Air,MF,./imgs/zhuge.png,F,60
Rey Arturo,Earth,MF,./imgs/arturo.png,M,55
Davy Jones,Air,FW,./imgs/jones.png,M,46
